País de origem,País de destino,Quantidade em litros,Valor em US$
Brasil,Afeganistão,0,0
Brasil,África do Sul,0,0
Brasil,"Alemanha, República Democrática",27715,138666
Brasil,Angola,33557,189891
Brasil,Anguilla,0,0
Brasil,Antígua e Barbuda,0,0
Brasil,Antilhas Holandesas,9810,12808
Brasil,Arábia Saudita,0,0
Brasil,Argélia,0,0
Brasil,Argentina,0,0
Brasil,Aruba,0,0
Brasil,Austrália,1823,17960
Brasil,Áustria,0,0
Brasil,Bahamas,3175,12759
Brasil,Bangladesh,0,0
Brasil,Barbados,0,0
Brasil,Barein,0,0
Brasil,Bélgica,42532,185411
Brasil,Belice,0,0
Brasil,Benin,0,0
Brasil,Bermudas,0,0
Brasil,Bolívia,54,282
Brasil,Bósnia-Herzegovina,0,0
Brasil,Brasil,0,0
Brasil,Bulgária,0,0
Brasil,Cabo Verde,11991,49366
Brasil,Camarões,0,0
Brasil,Canadá,0,0
Brasil,Catar,0,0
Brasil,"Cayman, Ilhas",0,0
Brasil,Chile,0,0
Brasil,China,795,2358
Brasil,Chipre,0,0
Brasil,Cingapura,1533,5504
Brasil,"Cocos (Keeling), Ilhas",0,0
Brasil,Colômbia,0,0
Brasil,Comores,0,0
Brasil,Congo,0,0
Brasil,"Coreia, Republica Sul",0,0
Brasil,Costa do Marfim,0,0
Brasil,Costa Rica,0,0
Brasil,Coveite (Kuweit),0,0
Brasil,Croácia,0,0
Brasil,Cuba,0,0
Brasil,Curaçao,0,0
Brasil,Dinamarca,7034,69161
Brasil,Dominica,0,0
Brasil,El Salvador,0,0
Brasil,Emirados Arabes Unidos,1035,3206
Brasil,Equador,0,0
Brasil,"Eslovaca, Republica",0,0
Brasil,Espanha,0,0
Brasil,Estados Unidos,228968,478630
Brasil,Estônia,15848,40778
Brasil,Filipinas,0,0
Brasil,Finlândia,0,0
Brasil,França,3614,18904
Brasil,Gabão,0,0
Brasil,Gana,0,0
Brasil,Gibraltar,0,0
Brasil,Granada,0,0
Brasil,Grécia,0,0
Brasil,Guatemala,0,0
Brasil,Guiana,783,3654
Brasil,Guiana Francesa,0,0
Brasil,Guine Bissau,0,0
Brasil,Guine Equatorial,410,1015
Brasil,Haiti,2700,3750
Brasil,Honduras,0,0
Brasil,Hong Kong,0,0
Brasil,Hungria,540,4103
Brasil,Ilha de Man,0,0
Brasil,Ilhas Virgens,0,0
Brasil,Índia,0,0
Brasil,Indonésia,0,0
Brasil,Irã,0,0
Brasil,Iraque,0,0
Brasil,Irlanda,3969,42795
Brasil,Itália,1458,4828
Brasil,Jamaica,0,0
Brasil,Japão,112178,74628
Brasil,Jordânia,0,0
Brasil,Letônia,0,0
Brasil,Líbano,0,0
Brasil,Libéria,0,0
Brasil,Luxemburgo,7344,32549
Brasil,Macau,0,0
Brasil,Malásia,0,0
Brasil,Malavi,0,0
Brasil,Malta,0,0
Brasil,"Marshall, Ilhas",0,0
Brasil,Martinica,0,0
Brasil,Mauritânia,0,0
Brasil,México,0,0
Brasil,Moçambique,0,0
Brasil,Montenegro,0,0
Brasil,Namíbia,0,0
Brasil,Nicarágua,0,0
Brasil,Nigéria,0,0
Brasil,Noruega,0,0
Brasil,Nova Caledônia,0,0
Brasil,Nova Zelândia,0,0
Brasil,Omã,0,0
Brasil,Países Baixos,87368,302182
Brasil,Palau,0,0
Brasil,Panamá,0,0
Brasil,Paraguai,510989,449197
Brasil,Peru,0,0
Brasil,Pitcairn,0,0
Brasil,Polônia,20464,95198
Brasil,Porto Rico,0,0
Brasil,Portugal,4577,18970
Brasil,Quênia,0,0
Brasil,Reino Unido,123624,295690
Brasil,República Dominicana,0,0
Brasil,Rússia,0,0
Brasil,São Cristóvão e Névis,0,0
Brasil,São Tomé e Príncipe,0,0
Brasil,São Vicente e Granadinas,0,0
Brasil,Senegal,0,0
Brasil,Serra Leoa,0,0
Brasil,Sérvia,0,0
Brasil,Singapura,0,0
Brasil,Suazilândia,0,0
Brasil,Suécia,0,0
Brasil,Suíça,2025,21600
Brasil,Suriname,1836,1269
Brasil,Tailândia,0,0
Brasil,Taiwan (Formosa),0,0
Brasil,Tanzânia,0,0
Brasil,"Tcheca, República",1091,5285
Brasil,Togo,0,0
Brasil,Toquelau,0,0
Brasil,Trinidade Tobago,0,0
Brasil,Tunísia,0,0
Brasil,Turquia,0,0
Brasil,Tuvalu,0,0
Brasil,Uruguai,914,2929
Brasil,Vanuatu,0,0
Brasil,Venezuela,0,0
Brasil,Vietnã,8820,9977
Brasil,Afeganistão,0,0
Brasil,África do Sul,0,0
Brasil,"Alemanha, República Democrática",36070,144150
Brasil,Angola,13889,69001
Brasil,Anguilla,0,0
Brasil,Antígua e Barbuda,0,0
Brasil,Antilhas Holandesas,7335,10188
Brasil,Arábia Saudita,0,0
Brasil,Argélia,0,0
Brasil,Argentina,13253,55460
Brasil,Aruba,900,1680
Brasil,Austrália,3632,40704
Brasil,Áustria,0,0
Brasil,Bahamas,4529,28810
Brasil,Bangladesh,0,0
Brasil,Barbados,0,0
Brasil,Barein,0,0
Brasil,Bélgica,11802,62339
Brasil,Belice,0,0
Brasil,Benin,0,0
Brasil,Bermudas,0,0
Brasil,Bolívia,12775,20215
Brasil,Bósnia-Herzegovina,0,0
Brasil,Brasil,0,0
Brasil,Bulgária,0,0
Brasil,Cabo Verde,600,825
Brasil,Camarões,0,0
Brasil,Canadá,28906,128076
Brasil,Catar,0,0
Brasil,"Cayman, Ilhas",0,0
Brasil,Chile,0,0
Brasil,China,54156,334867
Brasil,Chipre,0,0
Brasil,Cingapura,911,3317
Brasil,"Cocos (Keeling), Ilhas",0,0
Brasil,Colômbia,0,0
Brasil,Comores,0,0
Brasil,Congo,360,570
Brasil,"Coreia, Republica Sul",0,0
Brasil,Costa do Marfim,0,0
Brasil,Costa Rica,0,0
Brasil,Coveite (Kuweit),0,0
Brasil,Croácia,0,0
Brasil,Cuba,2880,4899
Brasil,Curaçao,0,0
Brasil,Dinamarca,32797,83057
Brasil,Dominica,0,0
Brasil,El Salvador,0,0
Brasil,Emirados Arabes Unidos,2120,6594
Brasil,Equador,0,0
Brasil,"Eslovaca, Republica",0,0
Brasil,Espanha,5206,24618
Brasil,Estados Unidos,306787,1030254
Brasil,Estônia,450,5336
Brasil,Filipinas,0,0
Brasil,Finlândia,12404,50394
Brasil,França,0,0
Brasil,Gabão,0,0
Brasil,Gana,0,0
Brasil,Gibraltar,0,0
Brasil,Granada,0,0
Brasil,Grécia,0,0
Brasil,Guatemala,0,0
Brasil,Guiana,0,0
Brasil,Guiana Francesa,0,0
Brasil,Guine Bissau,0,0
Brasil,Guine Equatorial,956,1979
Brasil,Haiti,0,0
Brasil,Honduras,0,0
Brasil,Hong Kong,2063,7975
Brasil,Hungria,0,0
Brasil,Ilha de Man,0,0
Brasil,Ilhas Virgens,0,0
Brasil,Índia,0,0
Brasil,Indonésia,0,0
Brasil,Irã,0,0
Brasil,Iraque,0,0
Brasil,Irlanda,5376,35690
Brasil,Itália,11999,80298
Brasil,Jamaica,0,0
Brasil,Japão,100835,144662
Brasil,Jordânia,0,0
Brasil,Letônia,0,0
Brasil,Líbano,0,0
Brasil,Libéria,0,0
Brasil,Luxemburgo,9547,65592
Brasil,Macau,0,0
Brasil,Malásia,0,0
Brasil,Malavi,0,0
Brasil,Malta,0,0
Brasil,"Marshall, Ilhas",0,0
Brasil,Martinica,0,0
Brasil,Mauritânia,0,0
Brasil,México,1350,7200
Brasil,Moçambique,0,0
Brasil,Montenegro,0,0
Brasil,Namíbia,0,0
Brasil,Nicarágua,0,0
Brasil,Nigéria,54,210
Brasil,Noruega,10268,78688
Brasil,Nova Caledônia,0,0
Brasil,Nova Zelândia,2587,7992
Brasil,Omã,0,0
Brasil,Países Baixos,125414,395356
Brasil,Palau,0,0
Brasil,Panamá,0,0
Brasil,Paraguai,240168,276281
Brasil,Peru,0,0
Brasil,Pitcairn,0,0
Brasil,Polônia,11732,50684
Brasil,Porto Rico,0,0
Brasil,Portugal,95,1031
Brasil,Quênia,0,0
Brasil,Reino Unido,122629,285642
Brasil,República Dominicana,0,0
Brasil,Rússia,0,0
Brasil,São Cristóvão e Névis,0,0
Brasil,São Tomé e Príncipe,0,0
Brasil,São Vicente e Granadinas,0,0
Brasil,Senegal,0,0
Brasil,Serra Leoa,0,0
Brasil,Sérvia,0,0
Brasil,Singapura,0,0
Brasil,Suazilândia,0,0
Brasil,Suécia,1641,14476
Brasil,Suíça,0,0
Brasil,Suriname,3774,3735
Brasil,Tailândia,0,0
Brasil,Taiwan (Formosa),4500,10600
Brasil,Tanzânia,0,0
Brasil,"Tcheca, República",6846,37271
Brasil,Togo,0,0
Brasil,Toquelau,0,0
Brasil,Trinidade Tobago,0,0
Brasil,Tunísia,0,0
Brasil,Turquia,0,0
Brasil,Tuvalu,0,0
Brasil,Uruguai,1238,4404
Brasil,Vanuatu,0,0
Brasil,Venezuela,0,0
Brasil,Vietnã,0,0
Brasil,Afeganistão,0,0
Brasil,África do Sul,0,0
Brasil,"Alemanha, República Democrática",8189,56342
Brasil,Angola,2833,8861
Brasil,Anguilla,0,0
Brasil,Antígua e Barbuda,0,0
Brasil,Antilhas Holandesas,9247,14081
Brasil,Arábia Saudita,0,0
Brasil,Argélia,0,0
Brasil,Argentina,0,0
Brasil,Aruba,0,0
Brasil,Austrália,9345,56045
Brasil,Áustria,0,0
Brasil,Bahamas,1374,12087
Brasil,Bangladesh,0,0
Brasil,Barbados,0,0
Brasil,Barein,0,0
Brasil,Bélgica,16132,90718
Brasil,Belice,0,0
Brasil,Benin,0,0
Brasil,Bermudas,0,0
Brasil,Bolívia,11868,16804
Brasil,Bósnia-Herzegovina,0,0
Brasil,Brasil,0,0
Brasil,Bulgária,0,0
Brasil,Cabo Verde,0,0
Brasil,Camarões,0,0
Brasil,Canadá,14304,146035
Brasil,Catar,0,0
Brasil,"Cayman, Ilhas",0,0
Brasil,Chile,8550,15438
Brasil,China,87905,642177
Brasil,Chipre,0,0
Brasil,Cingapura,1212,5310
Brasil,"Cocos (Keeling), Ilhas",0,0
Brasil,Colômbia,0,0
Brasil,Comores,0,0
Brasil,Congo,0,0
Brasil,"Coreia, Republica Sul",0,0
Brasil,Costa do Marfim,0,0
Brasil,Costa Rica,0,0
Brasil,Coveite (Kuweit),0,0
Brasil,Croácia,0,0
Brasil,Cuba,0,0
Brasil,Curaçao,0,0
Brasil,Dinamarca,4716,23802
Brasil,Dominica,0,0
Brasil,El Salvador,0,0
Brasil,Emirados Arabes Unidos,675,3300
Brasil,Equador,0,0
Brasil,"Eslovaca, Republica",0,0
Brasil,Espanha,0,0
Brasil,Estados Unidos,146585,303986
Brasil,Estônia,3321,19384
Brasil,Filipinas,0,0
Brasil,Finlândia,17100,67959
Brasil,França,195604,185791
Brasil,Gabão,0,0
Brasil,Gana,0,0
Brasil,Gibraltar,0,0
Brasil,Granada,0,0
Brasil,Grécia,0,0
Brasil,Guatemala,0,0
Brasil,Guiana,0,0
Brasil,Guiana Francesa,0,0
Brasil,Guine Bissau,0,0
Brasil,Guine Equatorial,819,2530
Brasil,Haiti,0,0
Brasil,Honduras,0,0
Brasil,Hong Kong,1609,7653
Brasil,Hungria,0,0
Brasil,Ilha de Man,0,0
Brasil,Ilhas Virgens,0,0
Brasil,Índia,0,0
Brasil,Indonésia,0,0
Brasil,Irã,0,0
Brasil,Iraque,0,0
Brasil,Irlanda,0,0
Brasil,Itália,792,5622
Brasil,Jamaica,0,0
Brasil,Japão,29281,116961
Brasil,Jordânia,0,0
Brasil,Letônia,0,0
Brasil,Líbano,0,0
Brasil,Libéria,0,0
Brasil,Luxemburgo,2444,16547
Brasil,Macau,0,0
Brasil,Malásia,0,0
Brasil,Malavi,0,0
Brasil,Malta,0,0
Brasil,"Marshall, Ilhas",0,0
Brasil,Martinica,0,0
Brasil,Mauritânia,0,0
Brasil,México,0,0
Brasil,Moçambique,0,0
Brasil,Montenegro,0,0
Brasil,Namíbia,0,0
Brasil,Nicarágua,0,0
Brasil,Nigéria,6449,10196
Brasil,Noruega,5104,31515
Brasil,Nova Caledônia,0,0
Brasil,Nova Zelândia,2364,8817
Brasil,Omã,0,0
Brasil,Países Baixos,134879,539641
Brasil,Palau,0,0
Brasil,Panamá,39,2262
Brasil,Paraguai,354824,428279
Brasil,Peru,0,0
Brasil,Pitcairn,0,0
Brasil,Polônia,21663,89158
Brasil,Porto Rico,0,0
Brasil,Portugal,47172,47022
Brasil,Quênia,94,458
Brasil,Reino Unido,82937,334856
Brasil,República Dominicana,0,0
Brasil,Rússia,4528176,2103968
Brasil,São Cristóvão e Névis,0,0
Brasil,São Tomé e Príncipe,0,0
Brasil,São Vicente e Granadinas,0,0
Brasil,Senegal,0,0
Brasil,Serra Leoa,0,0
Brasil,Sérvia,0,0
Brasil,Singapura,0,0
Brasil,Suazilândia,0,0
Brasil,Suécia,2705,17280
Brasil,Suíça,4014,47240
Brasil,Suriname,396,1288
Brasil,Tailândia,0,0
Brasil,Taiwan (Formosa),0,0
Brasil,Tanzânia,0,0
Brasil,"Tcheca, República",7960,27789
Brasil,Togo,0,0
Brasil,Toquelau,0,0
Brasil,Trinidade Tobago,531,2720
Brasil,Tunísia,0,0
Brasil,Turquia,0,0
Brasil,Tuvalu,0,0
Brasil,Uruguai,1135,3879
Brasil,Vanuatu,0,0
Brasil,Venezuela,1029,7492
Brasil,Vietnã,0,0
Brasil,Afeganistão,0,0
Brasil,África do Sul,0,0
Brasil,"Alemanha, República Democrática",61699,265978
Brasil,Angola,1573,9300
Brasil,Anguilla,0,0
Brasil,Antígua e Barbuda,0,0
Brasil,Antilhas Holandesas,11281,19565
Brasil,Arábia Saudita,0,0
Brasil,Argélia,0,0
Brasil,Argentina,0,0
Brasil,Aruba,0,0
Brasil,Austrália,16707,101715
Brasil,Áustria,0,0
Brasil,Bahamas,581,5145
Brasil,Bangladesh,0,0
Brasil,Barbados,0,0
Brasil,Barein,0,0
Brasil,Bélgica,22461,95893
Brasil,Belice,0,0
Brasil,Benin,0,0
Brasil,Bermudas,0,0
Brasil,Bolívia,19147,25998
Brasil,Bósnia-Herzegovina,0,0
Brasil,Brasil,0,0
Brasil,Bulgária,0,0
Brasil,Cabo Verde,0,0
Brasil,Camarões,0,0
Brasil,Canadá,25329,174643
Brasil,Catar,0,0
Brasil,"Cayman, Ilhas",0,0
Brasil,Chile,0,0
Brasil,China,40929,279956
Brasil,Chipre,0,0
Brasil,Cingapura,766,5779
Brasil,"Cocos (Keeling), Ilhas",0,0
Brasil,Colômbia,8,30
Brasil,Comores,0,0
Brasil,Congo,0,0
Brasil,"Coreia, Republica Sul",0,0
Brasil,Costa do Marfim,0,0
Brasil,Costa Rica,0,0
Brasil,Coveite (Kuweit),0,0
Brasil,Croácia,0,0
Brasil,Cuba,0,0
Brasil,Curaçao,0,0
Brasil,Dinamarca,17892,101915
Brasil,Dominica,0,0
Brasil,El Salvador,0,0
Brasil,Emirados Arabes Unidos,0,0
Brasil,Equador,0,0
Brasil,"Eslovaca, Republica",0,0
Brasil,Espanha,1972980,3748940
Brasil,Estados Unidos,245368,786556
Brasil,Estônia,0,0
Brasil,Filipinas,0,0
Brasil,Finlândia,36682,283114
Brasil,França,6885,42256
Brasil,Gabão,0,0
Brasil,Gana,0,0
Brasil,Gibraltar,0,0
Brasil,Granada,0,0
Brasil,Grécia,0,0
Brasil,Guatemala,0,0
Brasil,Guiana,0,0
Brasil,Guiana Francesa,0,0
Brasil,Guine Bissau,0,0
Brasil,Guine Equatorial,1108,5336
Brasil,Haiti,0,0
Brasil,Honduras,0,0
Brasil,Hong Kong,16013,61224
Brasil,Hungria,0,0
Brasil,Ilha de Man,0,0
Brasil,Ilhas Virgens,0,0
Brasil,Índia,0,0
Brasil,Indonésia,0,0
Brasil,Irã,0,0
Brasil,Iraque,0,0
Brasil,Irlanda,0,0
Brasil,Itália,1710,11967
Brasil,Jamaica,0,0
Brasil,Japão,91988,429088
Brasil,Jordânia,0,0
Brasil,Letônia,0,0
Brasil,Líbano,0,0
Brasil,Libéria,0,0
Brasil,Luxemburgo,5135,29474
Brasil,Macau,0,0
Brasil,Malásia,0,0
Brasil,Malavi,0,0
Brasil,Malta,0,0
Brasil,"Marshall, Ilhas",0,0
Brasil,Martinica,0,0
Brasil,Mauritânia,0,0
Brasil,México,0,0
Brasil,Moçambique,0,0
Brasil,Montenegro,0,0
Brasil,Namíbia,0,0
Brasil,Nicarágua,0,0
Brasil,Nigéria,1350,2245
Brasil,Noruega,2375,19008
Brasil,Nova Caledônia,0,0
Brasil,Nova Zelândia,1004,4092
Brasil,Omã,0,0
Brasil,Países Baixos,57792,255690
Brasil,Palau,0,0
Brasil,Panamá,0,0
Brasil,Paraguai,481564,680828
Brasil,Peru,0,0
Brasil,Pitcairn,0,0
Brasil,Polônia,19249,90960
Brasil,Porto Rico,0,0
Brasil,Portugal,23810,17627
Brasil,Quênia,6,4
Brasil,Reino Unido,59161,305005
Brasil,República Dominicana,0,0
Brasil,Rússia,5893291,14795694
Brasil,São Cristóvão e Névis,0,0
Brasil,São Tomé e Príncipe,0,0
Brasil,São Vicente e Granadinas,0,0
Brasil,Senegal,0,0
Brasil,Serra Leoa,0,0
Brasil,Sérvia,0,0
Brasil,Singapura,0,0
Brasil,Suazilândia,0,0
Brasil,Suécia,3195,20183
Brasil,Suíça,2997,29785
Brasil,Suriname,1800,2960
Brasil,Tailândia,0,0
Brasil,Taiwan (Formosa),0,0
Brasil,Tanzânia,0,0
Brasil,"Tcheca, República",3697,23549
Brasil,Togo,0,0
Brasil,Toquelau,0,0
Brasil,Trinidade Tobago,0,0
Brasil,Tunísia,0,0
Brasil,Turquia,0,0
Brasil,Tuvalu,0,0
Brasil,Uruguai,1526,13343
Brasil,Vanuatu,0,0
Brasil,Venezuela,0,0
Brasil,Vietnã,0,0
Brasil,Afeganistão,0,0
Brasil,África do Sul,0,0
Brasil,"Alemanha, República Democrática",213348,761653
Brasil,Angola,12182,23124
Brasil,Anguilla,0,0
Brasil,Antígua e Barbuda,0,0
Brasil,Antilhas Holandesas,4455,7169
Brasil,Arábia Saudita,0,0
Brasil,Argélia,0,0
Brasil,Argentina,20385,95130
Brasil,Aruba,450,755
Brasil,Austrália,6308,43709
Brasil,Áustria,0,0
Brasil,Bahamas,0,0
Brasil,Bangladesh,0,0
Brasil,Barbados,0,0
Brasil,Barein,0,0
Brasil,Bélgica,151320,704093
Brasil,Belice,0,0
Brasil,Benin,0,0
Brasil,Bermudas,0,0
Brasil,Bolívia,12534,18303
Brasil,Bósnia-Herzegovina,0,0
Brasil,Brasil,0,0
Brasil,Bulgária,0,0
Brasil,Cabo Verde,0,0
Brasil,Camarões,0,0
Brasil,Canadá,35082,226875
Brasil,Catar,0,0
Brasil,"Cayman, Ilhas",0,0
Brasil,Chile,0,0
Brasil,China,64040,455340
Brasil,Chipre,0,0
Brasil,Cingapura,541,3887
Brasil,"Cocos (Keeling), Ilhas",0,0
Brasil,Colômbia,0,0
Brasil,Comores,0,0
Brasil,Congo,0,0
Brasil,"Coreia, Republica Sul",0,0
Brasil,Costa do Marfim,0,0
Brasil,Costa Rica,0,0
Brasil,Coveite (Kuweit),0,0
Brasil,Croácia,0,0
Brasil,Cuba,38875,43200
Brasil,Curaçao,0,0
Brasil,Dinamarca,3240,16871
Brasil,Dominica,0,0
Brasil,El Salvador,0,0
Brasil,Emirados Arabes Unidos,640,3381
Brasil,Equador,0,0
Brasil,"Eslovaca, Republica",0,0
Brasil,Espanha,0,0
Brasil,Estados Unidos,222267,494216
Brasil,Estônia,0,0
Brasil,Filipinas,0,0
Brasil,Finlândia,12960,94962
Brasil,França,33755,167807
Brasil,Gabão,0,0
Brasil,Gana,0,0
Brasil,Gibraltar,0,0
Brasil,Granada,0,0
Brasil,Grécia,0,0
Brasil,Guatemala,0,0
Brasil,Guiana,0,0
Brasil,Guiana Francesa,0,0
Brasil,Guine Bissau,0,0
Brasil,Guine Equatorial,5646,11983
Brasil,Haiti,0,0
Brasil,Honduras,0,0
Brasil,Hong Kong,18130,63534
Brasil,Hungria,0,0
Brasil,Ilha de Man,0,0
Brasil,Ilhas Virgens,0,0
Brasil,Índia,0,0
Brasil,Indonésia,0,0
Brasil,Irã,0,0
Brasil,Iraque,0,0
Brasil,Irlanda,0,0
Brasil,Itália,604,2492
Brasil,Jamaica,0,0
Brasil,Japão,106426,401774
Brasil,Jordânia,0,0
Brasil,Letônia,0,0
Brasil,Líbano,0,0
Brasil,Libéria,0,0
Brasil,Luxemburgo,8281,52400
Brasil,Macau,0,0
Brasil,Malásia,0,0
Brasil,Malavi,0,0
Brasil,Malta,0,0
Brasil,"Marshall, Ilhas",0,0
Brasil,Martinica,0,0
Brasil,Mauritânia,0,0
Brasil,México,1521,24336
Brasil,Moçambique,0,0
Brasil,Montenegro,0,0
Brasil,Namíbia,0,0
Brasil,Nicarágua,0,0
Brasil,Nigéria,0,0
Brasil,Noruega,7179,50464
Brasil,Nova Caledônia,0,0
Brasil,Nova Zelândia,2800,13675
Brasil,Omã,0,0
Brasil,Países Baixos,165289,773767
Brasil,Palau,0,0
Brasil,Panamá,0,0
Brasil,Paraguai,521847,908028
Brasil,Peru,0,0
Brasil,Pitcairn,0,0
Brasil,Polônia,30181,107957
Brasil,Porto Rico,0,0
Brasil,Portugal,71544,79141
Brasil,Quênia,0,0
Brasil,Reino Unido,305807,1373747
Brasil,República Dominicana,0,0
Brasil,Rússia,190656,61440
Brasil,São Cristóvão e Névis,0,0
Brasil,São Tomé e Príncipe,0,0
Brasil,São Vicente e Granadinas,0,0
Brasil,Senegal,0,0
Brasil,Serra Leoa,0,0
Brasil,Sérvia,0,0
Brasil,Singapura,0,0
Brasil,Suazilândia,0,0
Brasil,Suécia,10404,51057
Brasil,Suíça,27933,231762
Brasil,Suriname,6,19
Brasil,Tailândia,0,0
Brasil,Taiwan (Formosa),12519,67907
Brasil,Tanzânia,0,0
Brasil,"Tcheca, República",4500,35005
Brasil,Togo,0,0
Brasil,Toquelau,0,0
Brasil,Trinidade Tobago,360,1600
Brasil,Tunísia,0,0
Brasil,Turquia,0,0
Brasil,Tuvalu,0,0
Brasil,Uruguai,0,0
Brasil,Vanuatu,0,0
Brasil,Venezuela,14,232
Brasil,Vietnã,0,0
Brasil,Afeganistão,0,0
Brasil,África do Sul,0,0
Brasil,"Alemanha, República Democrática",10680,44780
Brasil,Angola,1908,17089
Brasil,Anguilla,0,0
Brasil,Antígua e Barbuda,0,0
Brasil,Antilhas Holandesas,6660,10545
Brasil,Arábia Saudita,0,0
Brasil,Argélia,0,0
Brasil,Argentina,0,0
Brasil,Aruba,0,0
Brasil,Austrália,7437,48011
Brasil,Áustria,0,0
Brasil,Bahamas,0,0
Brasil,Bangladesh,0,0
Brasil,Barbados,0,0
Brasil,Barein,0,0
Brasil,Bélgica,4473,26399
Brasil,Belice,0,0
Brasil,Benin,0,0
Brasil,Bermudas,0,0
Brasil,Bolívia,10674,12990
Brasil,Bósnia-Herzegovina,0,0
Brasil,Brasil,0,0
Brasil,Bulgária,0,0
Brasil,Cabo Verde,0,0
Brasil,Camarões,0,0
Brasil,Canadá,24547,118394
Brasil,Catar,0,0
Brasil,"Cayman, Ilhas",0,0
Brasil,Chile,0,0
Brasil,China,47609,222866
Brasil,Chipre,0,0
Brasil,Cingapura,1116,2774
Brasil,"Cocos (Keeling), Ilhas",0,0
Brasil,Colômbia,0,0
Brasil,Comores,0,0
Brasil,Congo,0,0
Brasil,"Coreia, Republica Sul",0,0
Brasil,Costa do Marfim,0,0
Brasil,Costa Rica,0,0
Brasil,Coveite (Kuweit),0,0
Brasil,Croácia,0,0
Brasil,Cuba,97965,108864
Brasil,Curaçao,0,0
Brasil,Dinamarca,7080,29306
Brasil,Dominica,0,0
Brasil,El Salvador,0,0
Brasil,Emirados Arabes Unidos,765,3740
Brasil,Equador,0,0
Brasil,"Eslovaca, Republica",0,0
Brasil,Espanha,0,0
Brasil,Estados Unidos,195896,524109
Brasil,Estônia,0,0
Brasil,Filipinas,0,0
Brasil,Finlândia,0,0
Brasil,França,1596,4749
Brasil,Gabão,0,0
Brasil,Gana,0,0
Brasil,Gibraltar,0,0
Brasil,Granada,0,0
Brasil,Grécia,0,0
Brasil,Guatemala,0,0
Brasil,Guiana,0,0
Brasil,Guiana Francesa,0,0
Brasil,Guine Bissau,0,0
Brasil,Guine Equatorial,0,0
Brasil,Haiti,0,0
Brasil,Honduras,0,0
Brasil,Hong Kong,1229,7837
Brasil,Hungria,0,0
Brasil,Ilha de Man,0,0
Brasil,Ilhas Virgens,0,0
Brasil,Índia,0,0
Brasil,Indonésia,0,0
Brasil,Irã,0,0
Brasil,Iraque,0,0
Brasil,Irlanda,0,0
Brasil,Itália,0,0
Brasil,Jamaica,0,0
Brasil,Japão,31597,87853
Brasil,Jordânia,0,0
Brasil,Letônia,0,0
Brasil,Líbano,0,0
Brasil,Libéria,0,0
Brasil,Luxemburgo,2295,17358
Brasil,Macau,0,0
Brasil,Malásia,0,0
Brasil,Malavi,0,0
Brasil,Malta,0,0
Brasil,"Marshall, Ilhas",0,0
Brasil,Martinica,0,0
Brasil,Mauritânia,0,0
Brasil,México,0,0
Brasil,Moçambique,0,0
Brasil,Montenegro,0,0
Brasil,Namíbia,0,0
Brasil,Nicarágua,0,0
Brasil,Nigéria,0,0
Brasil,Noruega,1058,6021
Brasil,Nova Caledônia,0,0
Brasil,Nova Zelândia,809,3476
Brasil,Omã,0,0
Brasil,Países Baixos,44987,186464
Brasil,Palau,0,0
Brasil,Panamá,0,0
Brasil,Paraguai,495428,741370
Brasil,Peru,0,0
Brasil,Pitcairn,0,0
Brasil,Polônia,11654,42781
Brasil,Porto Rico,0,0
Brasil,Portugal,47736,42586
Brasil,Quênia,0,0
Brasil,Reino Unido,68382,308407
Brasil,República Dominicana,0,0
Brasil,Rússia,47664,18240
Brasil,São Cristóvão e Névis,0,0
Brasil,São Tomé e Príncipe,0,0
Brasil,São Vicente e Granadinas,0,0
Brasil,Senegal,0,0
Brasil,Serra Leoa,0,0
Brasil,Sérvia,0,0
Brasil,Singapura,0,0
Brasil,Suazilândia,0,0
Brasil,Suécia,1412,6404
Brasil,Suíça,15872,85790
Brasil,Suriname,453,713
Brasil,Tailândia,0,0
Brasil,Taiwan (Formosa),7200,23940
Brasil,Tanzânia,0,0
Brasil,"Tcheca, República",2297,15304
Brasil,Togo,0,0
Brasil,Toquelau,0,0
Brasil,Trinidade Tobago,0,0
Brasil,Tunísia,0,0
Brasil,Turquia,0,0
Brasil,Tuvalu,0,0
Brasil,Uruguai,0,0
Brasil,Vanuatu,0,0
Brasil,Venezuela,0,0
Brasil,Vietnã,0,0
Brasil,Afeganistão,0,0
Brasil,África do Sul,0,0
Brasil,"Alemanha, República Democrática",14012,68109
Brasil,Angola,7359,35390
Brasil,Anguilla,0,0
Brasil,Antígua e Barbuda,0,0
Brasil,Antilhas Holandesas,16641,26450
Brasil,Arábia Saudita,0,0
Brasil,Argélia,0,0
Brasil,Argentina,0,0
Brasil,Aruba,0,0
Brasil,Austrália,1954,13799
Brasil,Áustria,675,5220
Brasil,Bahamas,0,0
Brasil,Bangladesh,0,0
Brasil,Barbados,0,0
Brasil,Barein,0,0
Brasil,Bélgica,7200,46534
Brasil,Belice,0,0
Brasil,Benin,5040,20333
Brasil,Bermudas,0,0
Brasil,Bolívia,13586,16902
Brasil,Bósnia-Herzegovina,0,0
Brasil,Brasil,0,0
Brasil,Bulgária,0,0
Brasil,Cabo Verde,0,0
Brasil,Camarões,0,0
Brasil,Canadá,13711,71096
Brasil,Catar,0,0
Brasil,"Cayman, Ilhas",0,0
Brasil,Chile,0,0
Brasil,China,134106,499622
Brasil,Chipre,0,0
Brasil,Cingapura,5445,13199
Brasil,"Cocos (Keeling), Ilhas",0,0
Brasil,Colômbia,0,0
Brasil,Comores,0,0
Brasil,Congo,0,0
Brasil,"Coreia, Republica Sul",8,20
Brasil,Costa do Marfim,0,0
Brasil,Costa Rica,0,0
Brasil,Coveite (Kuweit),0,0
Brasil,Croácia,0,0
Brasil,Cuba,63741,69830
Brasil,Curaçao,0,0
Brasil,Dinamarca,1278,8171
Brasil,Dominica,0,0
Brasil,El Salvador,0,0
Brasil,Emirados Arabes Unidos,585,2760
Brasil,Equador,0,0
Brasil,"Eslovaca, Republica",0,0
Brasil,Espanha,0,0
Brasil,Estados Unidos,258072,687411
Brasil,Estônia,900,4800
Brasil,Filipinas,0,0
Brasil,Finlândia,7617,41003
Brasil,França,6037,30055
Brasil,Gabão,0,0
Brasil,Gana,0,0
Brasil,Gibraltar,0,0
Brasil,Granada,0,0
Brasil,Grécia,0,0
Brasil,Guatemala,0,0
Brasil,Guiana,0,0
Brasil,Guiana Francesa,0,0
Brasil,Guine Bissau,0,0
Brasil,Guine Equatorial,0,0
Brasil,Haiti,0,0
Brasil,Honduras,0,0
Brasil,Hong Kong,6975,86199
Brasil,Hungria,0,0
Brasil,Ilha de Man,0,0
Brasil,Ilhas Virgens,0,0
Brasil,Índia,0,0
Brasil,Indonésia,0,0
Brasil,Irã,0,0
Brasil,Iraque,0,0
Brasil,Irlanda,0,0
Brasil,Itália,585,3465
Brasil,Jamaica,0,0
Brasil,Japão,34341,90954
Brasil,Jordânia,0,0
Brasil,Letônia,0,0
Brasil,Líbano,0,0
Brasil,Libéria,0,0
Brasil,Luxemburgo,2759,21426
Brasil,Macau,0,0
Brasil,Malásia,0,0
Brasil,Malavi,0,0
Brasil,Malta,0,0
Brasil,"Marshall, Ilhas",0,0
Brasil,Martinica,0,0
Brasil,Mauritânia,0,0
Brasil,México,0,0
Brasil,Moçambique,0,0
Brasil,Montenegro,0,0
Brasil,Namíbia,0,0
Brasil,Nicarágua,0,0
Brasil,Nigéria,0,0
Brasil,Noruega,0,0
Brasil,Nova Caledônia,0,0
Brasil,Nova Zelândia,504,9472
Brasil,Omã,0,0
Brasil,Países Baixos,42953,190203
Brasil,Palau,0,0
Brasil,Panamá,0,0
Brasil,Paraguai,985739,1655417
Brasil,Peru,0,0
Brasil,Pitcairn,0,0
Brasil,Polônia,11457,35402
Brasil,Porto Rico,0,0
Brasil,Portugal,0,0
Brasil,Quênia,0,0
Brasil,Reino Unido,117044,536681
Brasil,República Dominicana,0,0
Brasil,Rússia,0,0
Brasil,São Cristóvão e Névis,0,0
Brasil,São Tomé e Príncipe,0,0
Brasil,São Vicente e Granadinas,0,0
Brasil,Senegal,0,0
Brasil,Serra Leoa,0,0
Brasil,Sérvia,0,0
Brasil,Singapura,0,0
Brasil,Suazilândia,0,0
Brasil,Suécia,291,1214
Brasil,Suíça,4230,33340
Brasil,Suriname,900,1375
Brasil,Tailândia,0,0
Brasil,Taiwan (Formosa),16967,80379
Brasil,Tanzânia,0,0
Brasil,"Tcheca, República",3837,28473
Brasil,Togo,0,0
Brasil,Toquelau,0,0
Brasil,Trinidade Tobago,0,0
Brasil,Tunísia,0,0
Brasil,Turquia,0,0
Brasil,Tuvalu,0,0
Brasil,Uruguai,0,0
Brasil,Vanuatu,0,0
Brasil,Venezuela,0,0
Brasil,Vietnã,0,0
Brasil,Afeganistão,0,0
Brasil,África do Sul,0,0
Brasil,"Alemanha, República Democrática",15467,87702
Brasil,Angola,10170,61680
Brasil,Anguilla,0,0
Brasil,Antígua e Barbuda,0,0
Brasil,Antilhas Holandesas,5400,8550
Brasil,Arábia Saudita,0,0
Brasil,Argélia,0,0
Brasil,Argentina,0,0
Brasil,Aruba,0,0
Brasil,Austrália,1350,7500
Brasil,Áustria,0,0
Brasil,Bahamas,0,0
Brasil,Bangladesh,0,0
Brasil,Barbados,0,0
Brasil,Barein,0,0
Brasil,Bélgica,2790,16405
Brasil,Belice,0,0
Brasil,Benin,0,0
Brasil,Bermudas,0,0
Brasil,Bolívia,9495,23085
Brasil,Bósnia-Herzegovina,0,0
Brasil,Brasil,0,0
Brasil,Bulgária,117,1579
Brasil,Cabo Verde,0,0
Brasil,Camarões,1749,7476
Brasil,Canadá,6075,30658
Brasil,Catar,13338,81606
Brasil,"Cayman, Ilhas",0,0
Brasil,Chile,0,0
Brasil,China,67594,266086
Brasil,Chipre,0,0
Brasil,Cingapura,0,0
Brasil,"Cocos (Keeling), Ilhas",0,0
Brasil,Colômbia,0,0
Brasil,Comores,0,0
Brasil,Congo,0,0
Brasil,"Coreia, Republica Sul",0,0
Brasil,Costa do Marfim,0,0
Brasil,Costa Rica,0,0
Brasil,Coveite (Kuweit),0,0
Brasil,Croácia,0,0
Brasil,Cuba,62791,72229
Brasil,Curaçao,12340,23011
Brasil,Dinamarca,581,2829
Brasil,Dominica,0,0
Brasil,El Salvador,0,0
Brasil,Emirados Arabes Unidos,675,3302
Brasil,Equador,0,0
Brasil,"Eslovaca, Republica",0,0
Brasil,Espanha,0,0
Brasil,Estados Unidos,132688,1523699
Brasil,Estônia,0,0
Brasil,Filipinas,0,0
Brasil,Finlândia,0,0
Brasil,França,4253,21654
Brasil,Gabão,0,0
Brasil,Gana,0,0
Brasil,Gibraltar,0,0
Brasil,Granada,0,0
Brasil,Grécia,0,0
Brasil,Guatemala,0,0
Brasil,Guiana,0,0
Brasil,Guiana Francesa,0,0
Brasil,Guine Bissau,48,90
Brasil,Guine Equatorial,2639,30563
Brasil,Haiti,0,0
Brasil,Honduras,0,0
Brasil,Hong Kong,1934,8180
Brasil,Hungria,0,0
Brasil,Ilha de Man,0,0
Brasil,Ilhas Virgens,0,0
Brasil,Índia,0,0
Brasil,Indonésia,0,0
Brasil,Irã,0,0
Brasil,Iraque,0,0
Brasil,Irlanda,0,0
Brasil,Itália,468,2248
Brasil,Jamaica,0,0
Brasil,Japão,33909,92886
Brasil,Jordânia,0,0
Brasil,Letônia,387,3723
Brasil,Líbano,0,0
Brasil,Libéria,0,0
Brasil,Luxemburgo,2719,21947
Brasil,Macau,0,0
Brasil,Malásia,0,0
Brasil,Malavi,0,0
Brasil,Malta,0,0
Brasil,"Marshall, Ilhas",0,0
Brasil,Martinica,0,0
Brasil,Mauritânia,0,0
Brasil,México,664,2292
Brasil,Moçambique,0,0
Brasil,Montenegro,0,0
Brasil,Namíbia,0,0
Brasil,Nicarágua,0,0
Brasil,Nigéria,0,0
Brasil,Noruega,0,0
Brasil,Nova Caledônia,0,0
Brasil,Nova Zelândia,1678,8140
Brasil,Omã,0,0
Brasil,Países Baixos,0,0
Brasil,Palau,0,0
Brasil,Panamá,0,0
Brasil,Paraguai,2393468,4274650
Brasil,Peru,0,0
Brasil,Pitcairn,0,0
Brasil,Polônia,0,0
Brasil,Porto Rico,0,0
Brasil,Portugal,0,0
Brasil,Quênia,0,0
Brasil,Reino Unido,60711,242883
Brasil,República Dominicana,0,0
Brasil,Rússia,0,0
Brasil,São Cristóvão e Névis,0,0
Brasil,São Tomé e Príncipe,0,0
Brasil,São Vicente e Granadinas,0,0
Brasil,Senegal,0,0
Brasil,Serra Leoa,0,0
Brasil,Sérvia,0,0
Brasil,Singapura,0,0
Brasil,Suazilândia,0,0
Brasil,Suécia,15445,64953
Brasil,Suíça,6525,74816
Brasil,Suriname,3690,5638
Brasil,Tailândia,0,0
Brasil,Taiwan (Formosa),14988,43954
Brasil,Tanzânia,0,0
Brasil,"Tcheca, República",2746,16947
Brasil,Togo,0,0
Brasil,Toquelau,0,0
Brasil,Trinidade Tobago,0,0
Brasil,Tunísia,0,0
Brasil,Turquia,0,0
Brasil,Tuvalu,0,0
Brasil,Uruguai,0,0
Brasil,Vanuatu,0,0
Brasil,Venezuela,680,2646
Brasil,Vietnã,0,0
Brasil,Afeganistão,0,0
Brasil,África do Sul,0,0
Brasil,"Alemanha, República Democrática",10794,45382
Brasil,Angola,477,709
Brasil,Anguilla,0,0
Brasil,Antígua e Barbuda,37,191
Brasil,Antilhas Holandesas,0,0
Brasil,Arábia Saudita,0,0
Brasil,Argélia,0,0
Brasil,Argentina,15711,59150
Brasil,Aruba,0,0
Brasil,Austrália,2055,6902
Brasil,Áustria,0,0
Brasil,Bahamas,141,634
Brasil,Bangladesh,0,0
Brasil,Barbados,0,0
Brasil,Barein,0,0
Brasil,Bélgica,7497,52799
Brasil,Belice,0,0
Brasil,Benin,0,0
Brasil,Bermudas,0,0
Brasil,Bolívia,21566,57424
Brasil,Bósnia-Herzegovina,0,0
Brasil,Brasil,0,0
Brasil,Bulgária,0,0
Brasil,Cabo Verde,18,48
Brasil,Camarões,0,0
Brasil,Canadá,5308,20414
Brasil,Catar,0,0
Brasil,"Cayman, Ilhas",19,203
Brasil,Chile,11049,42832
Brasil,China,30835,126336
Brasil,Chipre,279,480
Brasil,Cingapura,3298,11616
Brasil,"Cocos (Keeling), Ilhas",0,0
Brasil,Colômbia,6944,26273
Brasil,Comores,0,0
Brasil,Congo,0,0
Brasil,"Coreia, Republica Sul",120,109
Brasil,Costa do Marfim,0,0
Brasil,Costa Rica,0,0
Brasil,Coveite (Kuweit),0,0
Brasil,Croácia,0,0
Brasil,Cuba,4776,5584
Brasil,Curaçao,23930,43676
Brasil,Dinamarca,0,0
Brasil,Dominica,0,0
Brasil,El Salvador,0,0
Brasil,Emirados Arabes Unidos,360,1762
Brasil,Equador,0,0
Brasil,"Eslovaca, Republica",0,0
Brasil,Espanha,6123,22631
Brasil,Estados Unidos,169109,512519
Brasil,Estônia,0,0
Brasil,Filipinas,9608,16205
Brasil,Finlândia,0,0
Brasil,França,11077,48677
Brasil,Gabão,0,0
Brasil,Gana,9000,13502
Brasil,Gibraltar,0,0
Brasil,Granada,0,0
Brasil,Grécia,232,730
Brasil,Guatemala,0,0
Brasil,Guiana,0,0
Brasil,Guiana Francesa,0,0
Brasil,Guine Bissau,0,0
Brasil,Guine Equatorial,8389,26808
Brasil,Haiti,79500,144425
Brasil,Honduras,0,0
Brasil,Hong Kong,1742,9029
Brasil,Hungria,0,0
Brasil,Ilha de Man,0,0
Brasil,Ilhas Virgens,0,0
Brasil,Índia,0,0
Brasil,Indonésia,0,0
Brasil,Irã,0,0
Brasil,Iraque,0,0
Brasil,Irlanda,7560,25767
Brasil,Itália,3661,13260
Brasil,Jamaica,0,0
Brasil,Japão,36992,112342
Brasil,Jordânia,0,0
Brasil,Letônia,0,0
Brasil,Líbano,0,0
Brasil,Libéria,658,3100
Brasil,Luxemburgo,1778,11053
Brasil,Macau,0,0
Brasil,Malásia,15,33
Brasil,Malavi,0,0
Brasil,Malta,503,1192
Brasil,"Marshall, Ilhas",923,2436
Brasil,Martinica,0,0
Brasil,Mauritânia,0,0
Brasil,México,2748,9744
Brasil,Moçambique,0,0
Brasil,Montenegro,0,0
Brasil,Namíbia,0,0
Brasil,Nicarágua,0,0
Brasil,Nigéria,5175,6250
Brasil,Noruega,1295,9847
Brasil,Nova Caledônia,0,0
Brasil,Nova Zelândia,969,5565
Brasil,Omã,0,0
Brasil,Países Baixos,9451,32395
Brasil,Palau,0,0
Brasil,Panamá,1183,3117
Brasil,Paraguai,3234168,5494321
Brasil,Peru,5193,19372
Brasil,Pitcairn,0,0
Brasil,Polônia,720,4679
Brasil,Porto Rico,0,0
Brasil,Portugal,0,0
Brasil,Quênia,6771,31225
Brasil,Reino Unido,67708,296827
Brasil,República Dominicana,0,0
Brasil,Rússia,0,0
Brasil,São Cristóvão e Névis,0,0
Brasil,São Tomé e Príncipe,2184,2357
Brasil,São Vicente e Granadinas,0,0
Brasil,Senegal,0,0
Brasil,Serra Leoa,0,0
Brasil,Sérvia,0,0
Brasil,Singapura,0,0
Brasil,Suazilândia,0,0
Brasil,Suécia,8062,34563
Brasil,Suíça,0,0
Brasil,Suriname,0,0
Brasil,Tailândia,8,45
Brasil,Taiwan (Formosa),7589,18421
Brasil,Tanzânia,0,0
Brasil,"Tcheca, República",2712,20980
Brasil,Togo,0,0
Brasil,Toquelau,0,0
Brasil,Trinidade Tobago,0,0
Brasil,Tunísia,0,0
Brasil,Turquia,360,150
Brasil,Tuvalu,0,0
Brasil,Uruguai,7711,29617
Brasil,Vanuatu,0,0
Brasil,Venezuela,71,355
Brasil,Vietnã,0,0
Brasil,Afeganistão,0,0
Brasil,África do Sul,26,95
Brasil,"Alemanha, República Democrática",3660,25467
Brasil,Angola,345,1065
Brasil,Anguilla,0,0
Brasil,Antígua e Barbuda,219,1549
Brasil,Antilhas Holandesas,0,0
Brasil,Arábia Saudita,0,0
Brasil,Argélia,0,0
Brasil,Argentina,0,0
Brasil,Aruba,0,0
Brasil,Austrália,1161,4682
Brasil,Áustria,0,0
Brasil,Bahamas,791,3124
Brasil,Bangladesh,0,0
Brasil,Barbados,36,394
Brasil,Barein,482,2144
Brasil,Bélgica,2498,12548
Brasil,Belice,9,29
Brasil,Benin,9,9
Brasil,Bermudas,0,0
Brasil,Bolívia,0,0
Brasil,Bósnia-Herzegovina,0,0
Brasil,Brasil,0,0
Brasil,Bulgária,0,0
Brasil,Cabo Verde,0,0
Brasil,Camarões,0,0
Brasil,Canadá,1589,6933
Brasil,Catar,0,0
Brasil,"Cayman, Ilhas",19,106
Brasil,Chile,0,0
Brasil,China,129852,376828
Brasil,Chipre,672,1843
Brasil,Cingapura,5044,19099
Brasil,"Cocos (Keeling), Ilhas",0,0
Brasil,Colômbia,897,1999
Brasil,Comores,0,0
Brasil,Congo,0,0
Brasil,"Coreia, Republica Sul",70,194
Brasil,Costa do Marfim,0,0
Brasil,Costa Rica,0,0
Brasil,Coveite (Kuweit),0,0
Brasil,Croácia,0,0
Brasil,Cuba,0,0
Brasil,Curaçao,33951,62067
Brasil,Dinamarca,240,306
Brasil,Dominica,0,0
Brasil,El Salvador,0,0
Brasil,Emirados Arabes Unidos,450,2202
Brasil,Equador,2,3
Brasil,"Eslovaca, Republica",0,0
Brasil,Espanha,3540,1353
Brasil,Estados Unidos,209765,616274
Brasil,Estônia,0,0
Brasil,Filipinas,736,2486
Brasil,Finlândia,0,0
Brasil,França,18286,67072
Brasil,Gabão,0,0
Brasil,Gana,7673,10010
Brasil,Gibraltar,23,93
Brasil,Granada,0,0
Brasil,Grécia,561,1994
Brasil,Guatemala,1597,8719
Brasil,Guiana,424,1311
Brasil,Guiana Francesa,0,0
Brasil,Guine Bissau,0,0
Brasil,Guine Equatorial,0,0
Brasil,Haiti,81873,129803
Brasil,Honduras,0,0
Brasil,Hong Kong,9651,42020
Brasil,Hungria,0,0
Brasil,Ilha de Man,28,175
Brasil,Ilhas Virgens,0,0
Brasil,Índia,51,273
Brasil,Indonésia,0,0
Brasil,Irã,0,0
Brasil,Iraque,0,0
Brasil,Irlanda,0,0
Brasil,Itália,587,1625
Brasil,Jamaica,0,0
Brasil,Japão,40621,99642
Brasil,Jordânia,0,0
Brasil,Letônia,0,0
Brasil,Líbano,0,0
Brasil,Libéria,4441,20068
Brasil,Luxemburgo,1666,11211
Brasil,Macau,0,0
Brasil,Malásia,48,110
Brasil,Malavi,0,0
Brasil,Malta,3661,8828
Brasil,"Marshall, Ilhas",7276,15786
Brasil,Martinica,0,0
Brasil,Mauritânia,0,0
Brasil,México,4,4
Brasil,Moçambique,0,0
Brasil,Montenegro,9,46
Brasil,Namíbia,0,0
Brasil,Nicarágua,0,0
Brasil,Nigéria,28437,38555
Brasil,Noruega,628,3139
Brasil,Nova Caledônia,0,0
Brasil,Nova Zelândia,500,2832
Brasil,Omã,0,0
Brasil,Países Baixos,44882,148031
Brasil,Palau,0,0
Brasil,Panamá,7918,29017
Brasil,Paraguai,2419537,3826587
Brasil,Peru,9755,17310
Brasil,Pitcairn,0,0
Brasil,Polônia,5,11
Brasil,Porto Rico,0,0
Brasil,Portugal,18328,72413
Brasil,Quênia,0,0
Brasil,Reino Unido,34295,164592
Brasil,República Dominicana,0,0
Brasil,Rússia,0,0
Brasil,São Cristóvão e Névis,0,0
Brasil,São Tomé e Príncipe,0,0
Brasil,São Vicente e Granadinas,0,0
Brasil,Senegal,0,0
Brasil,Serra Leoa,18,717
Brasil,Sérvia,0,0
Brasil,Singapura,0,0
Brasil,Suazilândia,0,0
Brasil,Suécia,28,761
Brasil,Suíça,2223,28503
Brasil,Suriname,3206,4741
Brasil,Tailândia,128,832
Brasil,Taiwan (Formosa),12,67
Brasil,Tanzânia,0,0
Brasil,"Tcheca, República",2115,16391
Brasil,Togo,0,0
Brasil,Toquelau,0,0
Brasil,Trinidade Tobago,0,0
Brasil,Tunísia,0,0
Brasil,Turquia,115,209
Brasil,Tuvalu,0,0
Brasil,Uruguai,6180,18497
Brasil,Vanuatu,0,0
Brasil,Venezuela,0,0
Brasil,Vietnã,20,32
Brasil,Afeganistão,0,0
Brasil,África do Sul,4,21
Brasil,"Alemanha, República Democrática",6261,32605
Brasil,Angola,0,0
Brasil,Anguilla,0,0
Brasil,Antígua e Barbuda,624,1864
Brasil,Antilhas Holandesas,0,0
Brasil,Arábia Saudita,0,0
Brasil,Argélia,0,0
Brasil,Argentina,1015,4176
Brasil,Aruba,0,0
Brasil,Austrália,1013,3413
Brasil,Áustria,0,0
Brasil,Bahamas,1212,3703
Brasil,Bangladesh,3,29
Brasil,Barbados,143,169
Brasil,Barein,8,28
Brasil,Bélgica,3166,20460
Brasil,Belice,0,0
Brasil,Benin,0,0
Brasil,Bermudas,0,0
Brasil,Bolívia,9900,16025
Brasil,Bósnia-Herzegovina,45,52
Brasil,Brasil,0,0
Brasil,Bulgária,0,0
Brasil,Cabo Verde,0,0
Brasil,Camarões,0,178
Brasil,Canadá,1672,8431
Brasil,Catar,0,0
Brasil,"Cayman, Ilhas",123,339
Brasil,Chile,11,13
Brasil,China,122253,363000
Brasil,Chipre,2478,6785
Brasil,Cingapura,4049,9316
Brasil,"Cocos (Keeling), Ilhas",0,0
Brasil,Colômbia,15660,23780
Brasil,Comores,9,25
Brasil,Congo,0,0
Brasil,"Coreia, Republica Sul",103,433
Brasil,Costa do Marfim,0,0
Brasil,Costa Rica,0,0
Brasil,Coveite (Kuweit),0,0
Brasil,Croácia,21,123
Brasil,Cuba,0,0
Brasil,Curaçao,47962,65986
Brasil,Dinamarca,659,1962
Brasil,Dominica,0,0
Brasil,El Salvador,0,0
Brasil,Emirados Arabes Unidos,581,2279
Brasil,Equador,3780,3824
Brasil,"Eslovaca, Republica",0,0
Brasil,Espanha,28,126
Brasil,Estados Unidos,300178,610793
Brasil,Estônia,0,0
Brasil,Filipinas,719,1548
Brasil,Finlândia,0,0
Brasil,França,12622,57144
Brasil,Gabão,0,0
Brasil,Gana,18810,22027
Brasil,Gibraltar,769,2860
Brasil,Granada,0,0
Brasil,Grécia,6859,18092
Brasil,Guatemala,0,0
Brasil,Guiana,990,2577
Brasil,Guiana Francesa,0,0
Brasil,Guine Bissau,0,0
Brasil,Guine Equatorial,0,0
Brasil,Haiti,399128,471152
Brasil,Honduras,0,0
Brasil,Hong Kong,15159,41987
Brasil,Hungria,0,0
Brasil,Ilha de Man,11,121
Brasil,Ilhas Virgens,0,0
Brasil,Índia,7,10
Brasil,Indonésia,5,6
Brasil,Irã,21,35
Brasil,Iraque,0,0
Brasil,Irlanda,29,257
Brasil,Itália,91,376
Brasil,Jamaica,0,0
Brasil,Japão,36442,92674
Brasil,Jordânia,12,52
Brasil,Letônia,0,0
Brasil,Líbano,0,0
Brasil,Libéria,5155,17624
Brasil,Luxemburgo,1086,5110
Brasil,Macau,0,0
Brasil,Malásia,0,0
Brasil,Malavi,0,0
Brasil,Malta,3490,9688
Brasil,"Marshall, Ilhas",6270,19639
Brasil,Martinica,0,0
Brasil,Mauritânia,0,0
Brasil,México,24,226
Brasil,Moçambique,0,0
Brasil,Montenegro,9,20
Brasil,Namíbia,0,0
Brasil,Nicarágua,0,0
Brasil,Nigéria,12094,26514
Brasil,Noruega,1859,15134
Brasil,Nova Caledônia,0,0
Brasil,Nova Zelândia,95,515
Brasil,Omã,0,0
Brasil,Países Baixos,248,1532
Brasil,Palau,0,0
Brasil,Panamá,10821,28372
Brasil,Paraguai,3299013,3869243
Brasil,Peru,0,0
Brasil,Pitcairn,0,0
Brasil,Polônia,74,86
Brasil,Porto Rico,0,0
Brasil,Portugal,7958,34518
Brasil,Quênia,0,0
Brasil,Reino Unido,22913,82722
Brasil,República Dominicana,0,0
Brasil,Rússia,1463,8550
Brasil,São Cristóvão e Névis,0,0
Brasil,São Tomé e Príncipe,0,0
Brasil,São Vicente e Granadinas,0,0
Brasil,Senegal,0,0
Brasil,Serra Leoa,9240,13050
Brasil,Sérvia,0,0
Brasil,Singapura,0,0
Brasil,Suazilândia,0,0
Brasil,Suécia,6,24
Brasil,Suíça,2827,27930
Brasil,Suriname,4185,5277
Brasil,Tailândia,534,1753
Brasil,Taiwan (Formosa),963,4673
Brasil,Tanzânia,0,0
Brasil,"Tcheca, República",563,4805
Brasil,Togo,0,0
Brasil,Toquelau,0,0
Brasil,Trinidade Tobago,0,0
Brasil,Tunísia,0,0
Brasil,Turquia,0,0
Brasil,Tuvalu,2,4
Brasil,Uruguai,0,0
Brasil,Vanuatu,18,31
Brasil,Venezuela,4086,9808
Brasil,Vietnã,86,584
Brasil,Afeganistão,11,46
Brasil,África do Sul,0,0
Brasil,"Alemanha, República Democrática",2698,6741
Brasil,Angola,0,0
Brasil,Anguilla,0,0
Brasil,Antígua e Barbuda,805,2268
Brasil,Antilhas Holandesas,0,0
Brasil,Arábia Saudita,0,0
Brasil,Argélia,0,0
Brasil,Argentina,6,13
Brasil,Aruba,0,0
Brasil,Austrália,705,4034
Brasil,Áustria,0,0
Brasil,Bahamas,1083,4567
Brasil,Bangladesh,2,20
Brasil,Barbados,216,844
Brasil,Barein,302,894
Brasil,Bélgica,483,3749
Brasil,Belice,0,0
Brasil,Benin,0,0
Brasil,Bermudas,0,0
Brasil,Bolívia,5850,8360
Brasil,Bósnia-Herzegovina,0,0
Brasil,Brasil,31,46
Brasil,Bulgária,0,0
Brasil,Cabo Verde,16,124
Brasil,Camarões,0,0
Brasil,Canadá,1172,6157
Brasil,Catar,1,2
Brasil,"Cayman, Ilhas",104,356
Brasil,Chile,26,6
Brasil,China,61884,264116
Brasil,Chipre,1855,4530
Brasil,Cingapura,0,0
Brasil,"Cocos (Keeling), Ilhas",0,0
Brasil,Colômbia,12160,21867
Brasil,Comores,0,0
Brasil,Congo,0,0
Brasil,"Coreia, Republica Sul",67,100
Brasil,Costa do Marfim,0,0
Brasil,Costa Rica,0,0
Brasil,Coveite (Kuweit),0,0
Brasil,Croácia,0,0
Brasil,Cuba,0,0
Brasil,Curaçao,32263,58993
Brasil,Dinamarca,87,504
Brasil,Dominica,460,634
Brasil,El Salvador,0,0
Brasil,Emirados Arabes Unidos,810,10522
Brasil,Equador,0,0
Brasil,"Eslovaca, Republica",0,0
Brasil,Espanha,0,0
Brasil,Estados Unidos,111085,203554
Brasil,Estônia,0,0
Brasil,Filipinas,2784,10368
Brasil,Finlândia,0,0
Brasil,França,7052,23742
Brasil,Gabão,0,0
Brasil,Gana,12578,19196
Brasil,Gibraltar,0,0
Brasil,Granada,0,0
Brasil,Grécia,908,3014
Brasil,Guatemala,17347,29100
Brasil,Guiana,2372,6525
Brasil,Guiana Francesa,90,32
Brasil,Guine Bissau,0,0
Brasil,Guine Equatorial,0,0
Brasil,Haiti,670379,831181
Brasil,Honduras,0,0
Brasil,Hong Kong,12507,39390
Brasil,Hungria,87,583
Brasil,Ilha de Man,97,445
Brasil,Ilhas Virgens,0,0
Brasil,Índia,13,86
Brasil,Indonésia,0,0
Brasil,Irã,116,287
Brasil,Iraque,0,0
Brasil,Irlanda,36,208
Brasil,Itália,696,3715
Brasil,Jamaica,0,0
Brasil,Japão,39491,90275
Brasil,Jordânia,0,0
Brasil,Letônia,0,0
Brasil,Líbano,0,0
Brasil,Libéria,7554,23060
Brasil,Luxemburgo,0,0
Brasil,Macau,0,0
Brasil,Malásia,0,0
Brasil,Malavi,0,0
Brasil,Malta,3441,15454
Brasil,"Marshall, Ilhas",8644,22561
Brasil,Martinica,0,0
Brasil,Mauritânia,9,85
Brasil,México,9,2
Brasil,Moçambique,0,0
Brasil,Montenegro,14,65
Brasil,Namíbia,0,0
Brasil,Nicarágua,0,0
Brasil,Nigéria,68247,113172
Brasil,Noruega,1878,8320
Brasil,Nova Caledônia,7227,11924
Brasil,Nova Zelândia,657,10477
Brasil,Omã,0,0
Brasil,Países Baixos,3791,8484
Brasil,Palau,0,0
Brasil,Panamá,29520,48444
Brasil,Paraguai,6522527,7192362
Brasil,Peru,9720,17107
Brasil,Pitcairn,0,0
Brasil,Polônia,4,14
Brasil,Porto Rico,0,0
Brasil,Portugal,6358,42633
Brasil,Quênia,0,0
Brasil,Reino Unido,25316,122394
Brasil,República Dominicana,0,0
Brasil,Rússia,181931,312926
Brasil,São Cristóvão e Névis,0,0
Brasil,São Tomé e Príncipe,0,0
Brasil,São Vicente e Granadinas,8,48
Brasil,Senegal,0,0
Brasil,Serra Leoa,6525,12955
Brasil,Sérvia,0,0
Brasil,Singapura,4504,14346
Brasil,Suazilândia,10,24
Brasil,Suécia,23,74
Brasil,Suíça,627,6999
Brasil,Suriname,900,1472
Brasil,Tailândia,1334,2529
Brasil,Taiwan (Formosa),1313,8153
Brasil,Tanzânia,0,0
Brasil,"Tcheca, República",456,5988
Brasil,Togo,1890,2012
Brasil,Toquelau,0,0
Brasil,Trinidade Tobago,0,0
Brasil,Tunísia,0,0
Brasil,Turquia,343,878
Brasil,Tuvalu,0,0
Brasil,Uruguai,136774,149842
Brasil,Vanuatu,0,0
Brasil,Venezuela,26415,35944
Brasil,Vietnã,0,0
Brasil,Afeganistão,0,0
Brasil,África do Sul,0,0
Brasil,"Alemanha, República Democrática",7630,45367
Brasil,Angola,4068,4761
Brasil,Anguilla,0,0
Brasil,Antígua e Barbuda,419,1866
Brasil,Antilhas Holandesas,0,0
Brasil,Arábia Saudita,0,0
Brasil,Argélia,0,0
Brasil,Argentina,480,3232
Brasil,Aruba,0,0
Brasil,Austrália,1424,12299
Brasil,Áustria,6,212
Brasil,Bahamas,1215,5799
Brasil,Bangladesh,7,84
Brasil,Barbados,220,1145
Brasil,Barein,979,2789
Brasil,Bélgica,828,6145
Brasil,Belice,0,0
Brasil,Benin,0,0
Brasil,Bermudas,0,0
Brasil,Bolívia,32530,49011
Brasil,Bósnia-Herzegovina,0,0
Brasil,Brasil,2504,952
Brasil,Bulgária,5,31
Brasil,Cabo Verde,0,0
Brasil,Camarões,0,0
Brasil,Canadá,1183,5784
Brasil,Catar,0,0
Brasil,"Cayman, Ilhas",160,958
Brasil,Chile,2094,7986
Brasil,China,105395,404647
Brasil,Chipre,1521,4458
Brasil,Cingapura,0,0
Brasil,"Cocos (Keeling), Ilhas",26,60
Brasil,Colômbia,8217,14068
Brasil,Comores,0,0
Brasil,Congo,0,0
Brasil,"Coreia, Republica Sul",77,257
Brasil,Costa do Marfim,0,0
Brasil,Costa Rica,0,0
Brasil,Coveite (Kuweit),0,0
Brasil,Croácia,34,484
Brasil,Cuba,16,6
Brasil,Curaçao,40673,66950
Brasil,Dinamarca,2,6
Brasil,Dominica,1485,2223
Brasil,El Salvador,0,0
Brasil,Emirados Arabes Unidos,4781,85465
Brasil,Equador,135,210
Brasil,"Eslovaca, Republica",0,0
Brasil,Espanha,0,0
Brasil,Estados Unidos,220373,447893
Brasil,Estônia,0,0
Brasil,Filipinas,375,790
Brasil,Finlândia,0,0
Brasil,França,5694,25008
Brasil,Gabão,0,0
Brasil,Gana,35949,49304
Brasil,Gibraltar,0,0
Brasil,Granada,5610,7914
Brasil,Grécia,920,2426
Brasil,Guatemala,1283,5350
Brasil,Guiana,2064,5823
Brasil,Guiana Francesa,22,18
Brasil,Guine Bissau,0,0
Brasil,Guine Equatorial,0,0
Brasil,Haiti,553503,741014
Brasil,Honduras,0,0
Brasil,Hong Kong,9371,38218
Brasil,Hungria,0,0
Brasil,Ilha de Man,165,641
Brasil,Ilhas Virgens,0,0
Brasil,Índia,247,1021
Brasil,Indonésia,0,0
Brasil,Irã,47,90
Brasil,Iraque,0,0
Brasil,Irlanda,0,0
Brasil,Itália,1129,6151
Brasil,Jamaica,0,0
Brasil,Japão,37324,82208
Brasil,Jordânia,0,0
Brasil,Letônia,0,0
Brasil,Líbano,0,0
Brasil,Libéria,9145,34815
Brasil,Luxemburgo,36,802
Brasil,Macau,0,0
Brasil,Malásia,0,0
Brasil,Malavi,0,0
Brasil,Malta,3127,15587
Brasil,"Marshall, Ilhas",7240,27178
Brasil,Martinica,0,0
Brasil,Mauritânia,0,0
Brasil,México,6,33
Brasil,Moçambique,383,1927
Brasil,Montenegro,0,0
Brasil,Namíbia,0,0
Brasil,Nicarágua,0,0
Brasil,Nigéria,32234,50283
Brasil,Noruega,2711,40316
Brasil,Nova Caledônia,0,0
Brasil,Nova Zelândia,63,156
Brasil,Omã,194,670
Brasil,Países Baixos,7034,37240
Brasil,Palau,0,0
Brasil,Panamá,11490,49392
Brasil,Paraguai,5076670,7156293
Brasil,Peru,0,0
Brasil,Pitcairn,0,0
Brasil,Polônia,0,0
Brasil,Porto Rico,0,0
Brasil,Portugal,1918,7613
Brasil,Quênia,1440,2080
Brasil,Reino Unido,18835,138154
Brasil,República Dominicana,0,0
Brasil,Rússia,66046,118618
Brasil,São Cristóvão e Névis,0,0
Brasil,São Tomé e Príncipe,0,0
Brasil,São Vicente e Granadinas,20,51
Brasil,Senegal,0,0
Brasil,Serra Leoa,8101,15182
Brasil,Sérvia,0,0
Brasil,Singapura,4322,15434
Brasil,Suazilândia,0,0
Brasil,Suécia,5,18
Brasil,Suíça,1584,20863
Brasil,Suriname,1225,3360
Brasil,Tailândia,432,1713
Brasil,Taiwan (Formosa),25,277
Brasil,Tanzânia,0,0
Brasil,"Tcheca, República",1305,9997
Brasil,Togo,17317,25608
Brasil,Toquelau,0,0
Brasil,Trinidade Tobago,0,0
Brasil,Tunísia,0,0
Brasil,Turquia,418,503
Brasil,Tuvalu,0,0
Brasil,Uruguai,637117,997367
Brasil,Vanuatu,0,0
Brasil,Venezuela,23220,32351
Brasil,Vietnã,130,277
Brasil,Afeganistão,0,0
Brasil,África do Sul,117,698
Brasil,"Alemanha, República Democrática",4806,31853
Brasil,Angola,0,0
Brasil,Anguilla,0,0
Brasil,Antígua e Barbuda,383,1848
Brasil,Antilhas Holandesas,0,0
Brasil,Arábia Saudita,124,142
Brasil,Argélia,0,0
Brasil,Argentina,4545,36133
Brasil,Aruba,0,0
Brasil,Austrália,2485,13565
Brasil,Áustria,0,0
Brasil,Bahamas,1348,7402
Brasil,Bangladesh,0,0
Brasil,Barbados,58,303
Brasil,Barein,283,1684
Brasil,Bélgica,95,683
Brasil,Belice,0,0
Brasil,Benin,0,0
Brasil,Bermudas,16,153
Brasil,Bolívia,21926,36950
Brasil,Bósnia-Herzegovina,0,0
Brasil,Brasil,0,0
Brasil,Bulgária,0,0
Brasil,Cabo Verde,0,0
Brasil,Camarões,0,0
Brasil,Canadá,11539,42179
Brasil,Catar,5,18
Brasil,"Cayman, Ilhas",438,2632
Brasil,Chile,9,63
Brasil,China,73917,183096
Brasil,Chipre,524,2995
Brasil,Cingapura,0,0
Brasil,"Cocos (Keeling), Ilhas",0,0
Brasil,Colômbia,450,1259
Brasil,Comores,0,0
Brasil,Congo,17100,26600
Brasil,"Coreia, Republica Sul",25,171
Brasil,Costa do Marfim,0,0
Brasil,Costa Rica,0,0
Brasil,Coveite (Kuweit),0,0
Brasil,Croácia,0,0
Brasil,Cuba,0,0
Brasil,Curaçao,25135,40807
Brasil,Dinamarca,1734,15261
Brasil,Dominica,0,0
Brasil,El Salvador,0,0
Brasil,Emirados Arabes Unidos,1417,6762
Brasil,Equador,2790,4392
Brasil,"Eslovaca, Republica",0,0
Brasil,Espanha,180,4171
Brasil,Estados Unidos,229839,429091
Brasil,Estônia,0,0
Brasil,Filipinas,94,334
Brasil,Finlândia,5,11
Brasil,França,2265,14722
Brasil,Gabão,0,0
Brasil,Gana,7237,29473
Brasil,Gibraltar,0,0
Brasil,Granada,0,0
Brasil,Grécia,1294,3214
Brasil,Guatemala,2053,3758
Brasil,Guiana,33651,88715
Brasil,Guiana Francesa,0,0
Brasil,Guine Bissau,0,0
Brasil,Guine Equatorial,0,0
Brasil,Haiti,559645,871661
Brasil,Honduras,0,0
Brasil,Hong Kong,16255,71025
Brasil,Hungria,0,0
Brasil,Ilha de Man,1428,4533
Brasil,Ilhas Virgens,0,0
Brasil,Índia,60,170
Brasil,Indonésia,9,30
Brasil,Irã,0,0
Brasil,Iraque,0,0
Brasil,Irlanda,150,377
Brasil,Itália,2922,27665
Brasil,Jamaica,0,0
Brasil,Japão,22942,57780
Brasil,Jordânia,0,0
Brasil,Letônia,8,8
Brasil,Líbano,0,0
Brasil,Libéria,39784,42463
Brasil,Luxemburgo,581,7048
Brasil,Macau,7,6
Brasil,Malásia,0,0
Brasil,Malavi,3660,6252
Brasil,Malta,6561,24199
Brasil,"Marshall, Ilhas",7417,31691
Brasil,Martinica,9,31
Brasil,Mauritânia,0,0
Brasil,México,3,19
Brasil,Moçambique,0,0
Brasil,Montenegro,0,0
Brasil,Namíbia,0,0
Brasil,Nicarágua,0,0
Brasil,Nigéria,10800,16464
Brasil,Noruega,861,4243
Brasil,Nova Caledônia,0,0
Brasil,Nova Zelândia,338,7177
Brasil,Omã,0,0
Brasil,Países Baixos,2244,4958
Brasil,Palau,45,143
Brasil,Panamá,14785,68173
Brasil,Paraguai,3780378,5517263
Brasil,Peru,47277,84282
Brasil,Pitcairn,11,22
Brasil,Polônia,298,590
Brasil,Porto Rico,0,0
Brasil,Portugal,13742,46311
Brasil,Quênia,0,0
Brasil,Reino Unido,11326,84547
Brasil,República Dominicana,0,0
Brasil,Rússia,0,0
Brasil,São Cristóvão e Névis,16,31
Brasil,São Tomé e Príncipe,0,0
Brasil,São Vicente e Granadinas,39,139
Brasil,Senegal,0,0
Brasil,Serra Leoa,23200,38548
Brasil,Sérvia,0,0
Brasil,Singapura,3941,19781
Brasil,Suazilândia,0,0
Brasil,Suécia,0,0
Brasil,Suíça,2500,28763
Brasil,Suriname,3105,5235
Brasil,Tailândia,189,1387
Brasil,Taiwan (Formosa),4208,19998
Brasil,Tanzânia,0,0
Brasil,"Tcheca, República",405,3348
Brasil,Togo,14550,25235
Brasil,Toquelau,3,10
Brasil,Trinidade Tobago,0,0
Brasil,Tunísia,0,0
Brasil,Turquia,28104,95421
Brasil,Tuvalu,0,0
Brasil,Uruguai,326093,454271
Brasil,Vanuatu,0,0
Brasil,Venezuela,141030,220512
Brasil,Vietnã,72,128
Brasil,Afeganistão,0,0
Brasil,África do Sul,103,1783
Brasil,"Alemanha, República Democrática",6666,48095
Brasil,Angola,0,0
Brasil,Anguilla,0,0
Brasil,Antígua e Barbuda,447,3329
Brasil,Antilhas Holandesas,0,0
Brasil,Arábia Saudita,32,54
Brasil,Argélia,6,87
Brasil,Argentina,21015,167696
Brasil,Aruba,0,0
Brasil,Austrália,2070,19152
Brasil,Áustria,0,0
Brasil,Bahamas,1632,7457
Brasil,Bangladesh,0,0
Brasil,Barbados,773,580
Brasil,Barein,178,1044
Brasil,Bélgica,960,8334
Brasil,Belice,0,0
Brasil,Benin,0,0
Brasil,Bermudas,102,823
Brasil,Bolívia,20334,30293
Brasil,Bósnia-Herzegovina,0,0
Brasil,Brasil,96,244
Brasil,Bulgária,18,184
Brasil,Cabo Verde,0,0
Brasil,Camarões,0,0
Brasil,Canadá,4320,35179
Brasil,Catar,0,0
Brasil,"Cayman, Ilhas",180,591
Brasil,Chile,0,0
Brasil,China,34231,182595
Brasil,Chipre,988,4308
Brasil,Cingapura,0,0
Brasil,"Cocos (Keeling), Ilhas",0,0
Brasil,Colômbia,0,0
Brasil,Comores,0,0
Brasil,Congo,2340,3753
Brasil,"Coreia, Republica Sul",173,1050
Brasil,Costa do Marfim,0,0
Brasil,Costa Rica,0,0
Brasil,Coveite (Kuweit),16,72
Brasil,Croácia,23,44
Brasil,Cuba,0,0
Brasil,Curaçao,25146,50990
Brasil,Dinamarca,11,185
Brasil,Dominica,947,4545
Brasil,El Salvador,0,0
Brasil,Emirados Arabes Unidos,1688,8253
Brasil,Equador,0,0
Brasil,"Eslovaca, Republica",0,0
Brasil,Espanha,191,2062
Brasil,Estados Unidos,310410,648724
Brasil,Estônia,0,0
Brasil,Filipinas,11514,27378
Brasil,Finlândia,0,0
Brasil,França,3729,29768
Brasil,Gabão,5,18
Brasil,Gana,54828,91317
Brasil,Gibraltar,5,13
Brasil,Granada,0,0
Brasil,Grécia,617,2051
Brasil,Guatemala,7957,14268
Brasil,Guiana,115884,349244
Brasil,Guiana Francesa,0,0
Brasil,Guine Bissau,0,0
Brasil,Guine Equatorial,2250,4279
Brasil,Haiti,450690,713158
Brasil,Honduras,0,0
Brasil,Hong Kong,6696,30490
Brasil,Hungria,14,27
Brasil,Ilha de Man,124,587
Brasil,Ilhas Virgens,0,0
Brasil,Índia,0,0
Brasil,Indonésia,0,0
Brasil,Irã,0,0
Brasil,Iraque,0,0
Brasil,Irlanda,32,132
Brasil,Itália,2431,11642
Brasil,Jamaica,0,0
Brasil,Japão,29320,66956
Brasil,Jordânia,0,0
Brasil,Letônia,33273,144229
Brasil,Líbano,0,0
Brasil,Libéria,12024,38576
Brasil,Luxemburgo,72,832
Brasil,Macau,0,0
Brasil,Malásia,0,0
Brasil,Malavi,0,0
Brasil,Malta,6302,16586
Brasil,"Marshall, Ilhas",5628,23195
Brasil,Martinica,0,0
Brasil,Mauritânia,0,0
Brasil,México,2277,7938
Brasil,Moçambique,0,0
Brasil,Montenegro,0,0
Brasil,Namíbia,0,0
Brasil,Nicarágua,0,0
Brasil,Nigéria,808,2052
Brasil,Noruega,309,2185
Brasil,Nova Caledônia,0,0
Brasil,Nova Zelândia,0,0
Brasil,Omã,0,0
Brasil,Países Baixos,3074,22785
Brasil,Palau,30,320
Brasil,Panamá,121432,97549
Brasil,Paraguai,3705268,5121857
Brasil,Peru,0,0
Brasil,Pitcairn,0,0
Brasil,Polônia,0,0
Brasil,Porto Rico,0,0
Brasil,Portugal,26340,50923
Brasil,Quênia,0,0
Brasil,Reino Unido,14780,106713
Brasil,República Dominicana,0,0
Brasil,Rússia,56,338
Brasil,São Cristóvão e Névis,0,0
Brasil,São Tomé e Príncipe,0,0
Brasil,São Vicente e Granadinas,0,0
Brasil,Senegal,0,0
Brasil,Serra Leoa,36608,68151
Brasil,Sérvia,10482,25379
Brasil,Singapura,4141,20048
Brasil,Suazilândia,0,0
Brasil,Suécia,0,0
Brasil,Suíça,2350,23791
Brasil,Suriname,27900,71483
Brasil,Tailândia,266,1910
Brasil,Taiwan (Formosa),0,0
Brasil,Tanzânia,3,35
Brasil,"Tcheca, República",2273,20973
Brasil,Togo,27630,48070
Brasil,Toquelau,0,0
Brasil,Trinidade Tobago,64,199
Brasil,Tunísia,0,0
Brasil,Turquia,216,540
Brasil,Tuvalu,0,0
Brasil,Uruguai,36729,62325
Brasil,Vanuatu,0,0
Brasil,Venezuela,122922,199418
Brasil,Vietnã,16,41
